Trade Date,Market Code,Transaction Type,Instrument Code,Comments,Quantity,Price,Amount
23/06/2022,ASX,BUY,AAA,Betashares Australian High Interest Cash ETF (AAA),0.01197724,50.095,0.6
23/06/2022,ASX,BUY,STW,SPDR S&P/ASX 200 ETF (STW),0.17728168,60.92,10.8
23/06/2022,ASX,BUY,IAA,iShares Asia 50 ETF (IAA),0.05225712,89.9399,4.7
23/06/2022,ASX,BUY,IEU,iShares Europe ETF (IEU),0.0225121,63.0772,1.42
23/06/2022,ASX,BUY,IAF,iShares Core Composite Bond ETF (IAF),0.00607656,98.74,0.6
23/06/2022,ASX,BUY,RCB,Russell Investments Australian Select Corporate Bond ETF (RCB),0.04219409,18.96,0.8
23/06/2022,ASX,BUY,IVV,iShares S&P 500 ETF (IVV),0.00198282,544.6799,1.08000002
28/06/2022,ASX,BUY,AAA,Betashares Australian High Interest Cash ETF (AAA),0.33145794,50.105,16.6077
28/06/2022,ASX,BUY,STW,SPDR S&P/ASX 200 ETF (STW),4.7685213,62.69,298.9386
28/06/2022,ASX,BUY,IAA,iShares Asia 50 ETF (IAA),1.40051297,92.89,130.09365
28/06/2022,ASX,BUY,IEU,iShares Europe ETF (IEU),0.60711909,64.74,39.30489
28/06/2022,ASX,BUY,IAF,iShares Core Composite Bond ETF (IAF),0.1677376,99.01,16.6077
28/06/2022,ASX,BUY,RCB,Russell Investments Australian Select Corporate Bond ETF (RCB),1.16606635,18.99,22.1436
28/06/2022,ASX,BUY,IVV,iShares S&P 500 ETF (IVV),0.05289451,565.16,29.89386003
07/07/2022,ASX,BUY,AAA,Betashares Australian High Interest Cash ETF (AAA),0.00047933,50.07,0.024
07/07/2022,ASX,BUY,STW,SPDR S&P/ASX 200 ETF (STW),0.23394649,59.8,13.99
07/07/2022,ASX,BUY,IAA,iShares Asia 50 ETF (IAA),0.04303599,89.46,3.85
07/07/2022,ASX,BUY,IEU,iShares Europe ETF (IEU),0.03483934,61.31,2.136
13/07/2022,ASX,BUY,AAA,Betashares Australian High Interest Cash ETF (AAA),0.00574642,50.095,0.2878668
13/07/2022,ASX,BUY,STW,SPDR S&P/ASX 200 ETF (STW),0.08660542,59.83,5.18160244
13/07/2022,ASX,BUY,IAA,iShares Asia 50 ETF (IAA),0.02511236,89.7947,2.25495662
13/07/2022,ASX,BUY,IEU,iShares Europe ETF (IEU),0.01105264,61.64,0.68128477
13/07/2022,ASX,BUY,IAF,iShares Core Composite Bond ETF (IAF),0.00286178,100.59,0.2878668
13/07/2022,ASX,BUY,RCB,Russell Investments Australian Select Corporate Bond ETF (RCB),0.01999075,19.2,0.3838224
13/07/2022,ASX,BUY,IVV,iShares S&P 500 ETF (IVV),0.00091679,565.19,0.51816026
14/07/2022,ASX,BUY,AAA,Betashares Australian High Interest Cash ETF (AAA),0.00120623,50.095,0.06042622
14/07/2022,ASX,BUY,STW,SPDR S&P/ASX 200 ETF (STW),0.01809469,60.11,1.08767203
14/07/2022,ASX,BUY,IAA,iShares Asia 50 ETF (IAA),0.00529699,89.36,0.47333875
14/07/2022,ASX,BUY,IEU,iShares Europe ETF (IEU),0.00233484,61.25,0.14300873
14/07/2022,ASX,BUY,IAF,iShares Core Composite Bond ETF (IAF),0.00060282,100.24,0.06042623
14/07/2022,ASX,BUY,RCB,Russell Investments Australian Select Corporate Bond ETF (RCB),0.00420942,19.14,0.0805683
14/07/2022,ASX,BUY,IVV,iShares S&P 500 ETF (IVV),0.00019377,561.31,0.10876723
15/07/2022,ASX,BUY,STW,SPDR S&P/ASX 200 ETF (STW),0.00341653,59.48,0.20321528
21/07/2022,ASX,BUY,AAA,Betashares Australian High Interest Cash ETF (AAA),0.01545582,50.11,0.77449092
21/07/2022,ASX,BUY,STW,SPDR S&P/ASX 200 ETF (STW),0.12288835,61.2,7.52076714
21/07/2022,ASX,BUY,IAA,iShares Asia 50 ETF (IAA),0.08872785,88.98,7.89500436
21/07/2022,ASX,BUY,IEU,iShares Europe ETF (IEU),0.02096445,62.24,1.30482708
21/07/2022,ASX,BUY,IAF,iShares Core Composite Bond ETF (IAF),0.00679994,99.77,0.67843002
21/07/2022,ASX,BUY,RCB,Russell Investments Australian Select Corporate Bond ETF (RCB),0.04935065,19.1,0.94259748
21/07/2022,ASX,BUY,IVV,iShares S&P 500 ETF (IVV),0.00156237,573.85,0.89656826
04/08/2022,ASX,BUY,AAA,Betashares Australian High Interest Cash ETF (AAA),0.01904762,50.085,0.954
04/08/2022,ASX,BUY,STW,SPDR S&P/ASX 200 ETF (STW),0.06829604,63.3126,4.324
04/08/2022,ASX,BUY,IAA,iShares Asia 50 ETF (IAA),0.1389723,86.7511,12.056
04/08/2022,ASX,BUY,IEU,iShares Europe ETF (IEU),0.01570468,63.93,1.004
04/08/2022,ASX,BUY,IAF,iShares Core Composite Bond ETF (IAF),0.00469989,102.13,0.48
04/08/2022,ASX,BUY,RCB,Russell Investments Australian Select Corporate Bond ETF (RCB),0.04566116,19.36,0.884
04/08/2022,ASX,BUY,IVV,iShares S&P 500 ETF (IVV),0.00049838,597.94,0.29800002
17/08/2022,ASX,BUY,STW,SPDR S&P/ASX 200 ETF (STW),0.00031546,64.48,0.02034082
18/08/2022,ASX,BUY,AAA,Betashares Australian High Interest Cash ETF (AAA),0.01196888,50.13,0.6
18/08/2022,ASX,BUY,STW,SPDR S&P/ASX 200 ETF (STW),0.1674938,64.48,10.8
18/08/2022,ASX,BUY,IAA,iShares Asia 50 ETF (IAA),0.0543227,86.52,4.7
18/08/2022,ASX,BUY,IEU,iShares Europe ETF (IEU),0.02203682,64.4376,1.42
18/08/2022,ASX,BUY,IAF,iShares Core Composite Bond ETF (IAF),0.0059372,101.0577,0.6
18/08/2022,ASX,BUY,RCB,Russell Investments Australian Select Corporate Bond ETF (RCB),0.04146367,19.294,0.8
18/08/2022,ASX,BUY,IVV,iShares S&P 500 ETF (IVV),0.00175171,616.54,1.08000002
01/09/2022,ASX,BUY,AAA,Betashares Australian High Interest Cash ETF (AAA),0.00730831,50.08,0.366
01/09/2022,ASX,BUY,STW,SPDR S&P/ASX 200 ETF (STW),0.16056742,62.74,10.074
01/09/2022,ASX,BUY,IAA,iShares Asia 50 ETF (IAA),0.03143913,86.58,2.722
01/09/2022,ASX,BUY,IEU,iShares Europe ETF (IEU),0.05448855,60.71,3.308
01/09/2022,ASX,BUY,IAF,iShares Core Composite Bond ETF (IAF),0.00931871,99.37,0.926
01/09/2022,ASX,BUY,RCB,Russell Investments Australian Select Corporate Bond ETF (RCB),0.0368558,19.21,0.708
01/09/2022,ASX,BUY,IVV,iShares S&P 500 ETF (IVV),0.0032745,579.02,1.89600001
16/09/2022,ASX,BUY,AAA,Betashares Australian High Interest Cash ETF (AAA),0.00718348,50.115,0.36
16/09/2022,ASX,BUY,STW,SPDR S&P/ASX 200 ETF (STW),0.1313562,62.38,8.194
16/09/2022,ASX,BUY,IAA,iShares Asia 50 ETF (IAA),0.11996119,82.46,9.892
16/09/2022,ASX,BUY,IEU,iShares Europe ETF (IEU),0.00217725,61.5455,0.134
16/09/2022,ASX,BUY,IAF,iShares Core Composite Bond ETF (IAF),0.00335712,99.49,0.334
16/09/2022,ASX,BUY,RCB,Russell Investments Australian Select Corporate Bond ETF (RCB),0.02724923,19.2299,0.524
16/09/2022,ASX,BUY,IVV,iShares S&P 500 ETF (IVV),0.0009675,580.88,0.56200001
19/09/2022,ASX,BUY,STW,SPDR S&P/ASX 200 ETF (STW),0.00056149,61.94,0.03477868
29/09/2022,ASX,BUY,STW,SPDR S&P/ASX 200 ETF (STW),0.23569148,59.51,14.026
29/09/2022,ASX,BUY,IAA,iShares Asia 50 ETF (IAA),0.05262359,79.09,4.162
29/09/2022,ASX,BUY,IEU,iShares Europe ETF (IEU),0.0304455,58.6622,1.786
29/09/2022,ASX,BUY,IAF,iShares Core Composite Bond ETF (IAF),0.00010146,98.56,0.01
29/09/2022,ASX,BUY,IVV,iShares S&P 500 ETF (IVV),0.00002788,573.9799,0.01599998
13/10/2022,ASX,BUY,AAA,Betashares Australian High Interest Cash ETF (AAA),0.01013567,50.12,0.508
13/10/2022,ASX,BUY,STW,SPDR S&P/ASX 200 ETF (STW),0.13011411,60.47,7.868
13/10/2022,ASX,BUY,IAA,iShares Asia 50 ETF (IAA),0.1009165,78.56,7.928
13/10/2022,ASX,BUY,IEU,iShares Europe ETF (IEU),0.01060177,59.99,0.636
13/10/2022,ASX,BUY,IAF,iShares Core Composite Bond ETF (IAF),0.00780597,98.13,0.766
13/10/2022,ASX,BUY,RCB,Russell Investments Australian Select Corporate Bond ETF (RCB),0.04296916,19.13,0.822
13/10/2022,ASX,BUY,IVV,iShares S&P 500 ETF (IVV),0.0025801,570.52,1.47200002
14/10/2022,ASX,BUY,STW,SPDR S&P/ASX 200 ETF (STW),0.00252704,61.19,0.15462941
17/10/2022,ASX,BUY,AAA,Betashares Australian High Interest Cash ETF (AAA),0.00383688,50.13,0.19234283
17/10/2022,ASX,BUY,STW,SPDR S&P/ASX 200 ETF (STW),0.05740625,60.31,3.46217099
17/10/2022,ASX,BUY,IAA,iShares Asia 50 ETF (IAA),0.01921565,78.4093,1.50668552
17/10/2022,ASX,BUY,IEU,iShares Europe ETF (IEU),0.00741145,61.42,0.45521137
17/10/2022,ASX,BUY,IAF,iShares Core Composite Bond ETF (IAF),0.00196629,97.82,0.19234283
17/10/2022,ASX,BUY,RCB,Russell Investments Australian Select Corporate Bond ETF (RCB),0.0134482,19.07,0.25645711
17/10/2022,ASX,BUY,IVV,iShares S&P 500 ETF (IVV),0.00059886,578.1301,0.34621708
19/10/2022,ASX,BUY,STW,SPDR S&P/ASX 200 ETF (STW),0.00066277,61.62,0.04083971
20/10/2022,ASX,BUY,STW,SPDR S&P/ASX 200 ETF (STW),0.00117569,60.92,0.07162309
27/10/2022,ASX,BUY,AAA,Betashares Australian High Interest Cash ETF (AAA),0.01219853,50.17,0.612
27/10/2022,ASX,BUY,STW,SPDR S&P/ASX 200 ETF (STW),0.03046208,62.11,1.892
27/10/2022,ASX,BUY,IAA,iShares Asia 50 ETF (IAA),0.22217027,72.719,16.156
27/10/2022,ASX,BUY,IAF,iShares Core Composite Bond ETF (IAF),0.00553135,98.71,0.546
27/10/2022,ASX,BUY,RCB,Russell Investments Australian Select Corporate Bond ETF (RCB),0.04150549,19.13,0.794
10/11/2022,ASX,BUY,AAA,Betashares Australian High Interest Cash ETF (AAA),0.02426661,50.11,1.216
10/11/2022,ASX,BUY,STW,SPDR S&P/ASX 200 ETF (STW),0.20733133,63.29,13.122
10/11/2022,ASX,BUY,IAA,iShares Asia 50 ETF (IAA),0.00516548,77.05,0.398
10/11/2022,ASX,BUY,IAF,iShares Core Composite Bond ETF (IAF),0.01129065,99.02,1.118
10/11/2022,ASX,BUY,RCB,Russell Investments Australian Select Corporate Bond ETF (RCB),0.08880753,19.12,1.698
10/11/2022,ASX,BUY,IVV,iShares S&P 500 ETF (IVV),0.00419002,584.2459,2.44800002
17/11/2022,ASX,BUY,STW,SPDR S&P/ASX 200 ETF (STW),0.00076748,64.8558,0.04977533
24/11/2022,ASX,BUY,AAA,Betashares Australian High Interest Cash ETF (AAA),0.03240981,50.17,1.626
24/11/2022,ASX,BUY,STW,SPDR S&P/ASX 200 ETF (STW),0.1630247,65.99,10.758
24/11/2022,ASX,BUY,IAA,iShares Asia 50 ETF (IAA),0.01166687,81.77,0.954
24/11/2022,ASX,BUY,IEU,iShares Europe ETF (IEU),0.0219315,68.03,1.492
24/11/2022,ASX,BUY,IAF,iShares Core Composite Bond ETF (IAF),0.0137071,100.24,1.374
24/11/2022,ASX,BUY,RCB,Russell Investments Australian Select Corporate Bond ETF (RCB),0.10166147,19.26,1.958
24/11/2022,ASX,BUY,IVV,iShares S&P 500 ETF (IVV),0.00306359,599.9502,1.83799999
08/12/2022,ASX,BUY,AAA,Betashares Australian High Interest Cash ETF (AAA),0.01428882,50.1091,0.716
08/12/2022,ASX,BUY,STW,SPDR S&P/ASX 200 ETF (STW),0.22966595,65.26,14.988
08/12/2022,ASX,BUY,IEU,iShares Europe ETF (IEU),0.01709527,68.44,1.17
08/12/2022,ASX,BUY,IAF,iShares Core Composite Bond ETF (IAF),0.00320866,101.6,0.326
08/12/2022,ASX,BUY,RCB,Russell Investments Australian Select Corporate Bond ETF (RCB),0.03332202,19.4466,0.648
08/12/2022,ASX,BUY,IVV,iShares S&P 500 ETF (IVV),0.05509473,39.06,2.152
21/12/2022,ASX,BUY,STW,SPDR S&P/ASX 200 ETF (STW),0.00093201,64.8,0.0603944
22/12/2022,ASX,BUY,AAA,Betashares Australian High Interest Cash ETF (AAA),0.01008772,50.16,0.506
22/12/2022,ASX,BUY,STW,SPDR S&P/ASX 200 ETF (STW),0.20181371,65.06,13.13
22/12/2022,ASX,BUY,IAA,iShares Asia 50 ETF (IAA),0.01613477,85.4056,1.378
22/12/2022,ASX,BUY,IEU,iShares Europe ETF (IEU),0.02393664,68.18,1.632
22/12/2022,ASX,BUY,IAF,iShares Core Composite Bond ETF (IAF),0.00955051,99.89,0.954
22/12/2022,ASX,BUY,RCB,Russell Investments Australian Select Corporate Bond ETF (RCB),0.03826715,19.39,0.742
22/12/2022,ASX,BUY,IVV,iShares S&P 500 ETF (IVV),0.04299793,38.56,1.658
05/01/2023,ASX,BUY,AAA,Betashares Australian High Interest Cash ETF (AAA),0.01070074,50.09,0.536
05/01/2023,ASX,BUY,STW,SPDR S&P/ASX 200 ETF (STW),0.23996865,63.8,15.31
05/01/2023,ASX,BUY,IEU,iShares Europe ETF (IEU),0.0143583,68.5318,0.984
05/01/2023,ASX,BUY,IAF,iShares Core Composite Bond ETF (IAF),0.00598935,99.51,0.596
05/01/2023,ASX,BUY,RCB,Russell Investments Australian Select Corporate Bond ETF (RCB),0.03830129,19.3205,0.74
05/01/2023,ASX,BUY,IVV,iShares S&P 500 ETF (IVV),0.04884154,37.55,1.834
06/01/2023,ASX,BUY,AAA,Betashares Australian High Interest Cash ETF (AAA),0.0018286,50.105,0.09162185
06/01/2023,ASX,BUY,STW,SPDR S&P/ASX 200 ETF (STW),0.02576462,64.01,1.64919329
06/01/2023,ASX,BUY,IAA,iShares Asia 50 ETF (IAA),0.00798373,89.8959,0.71770449
06/01/2023,ASX,BUY,IEU,iShares Europe ETF (IEU),0.00314002,69.0563,0.21683838
06/01/2023,ASX,BUY,IAF,iShares Core Composite Bond ETF (IAF),0.0009227,99.2972,0.09162185
06/01/2023,ASX,BUY,RCB,Russell Investments Australian Select Corporate Bond ETF (RCB),0.00632655,19.3095,0.12216247
06/01/2023,ASX,BUY,IVV,iShares S&P 500 ETF (IVV),0.00437916,37.66,0.16491933
13/01/2023,ASX,BUY,AAA,Betashares Australian High Interest Cash ETF (AAA),0.00248657,50.14,0.12467665
13/01/2023,ASX,BUY,STW,SPDR S&P/ASX 200 ETF (STW),0.03389999,66.2,2.24417966
13/01/2023,ASX,BUY,IAA,iShares Asia 50 ETF (IAA),0.01075351,90.82,0.97663374
13/01/2023,ASX,BUY,IEU,iShares Europe ETF (IEU),0.00419369,70.36,0.29506806
13/01/2023,ASX,BUY,IAF,iShares Core Composite Bond ETF (IAF),0.0012366,100.8222,0.12467665
13/01/2023,ASX,BUY,RCB,Russell Investments Australian Select Corporate Bond ETF (RCB),0.00853505,19.4768,0.16623553
13/01/2023,ASX,BUY,IVV,iShares S&P 500 ETF (IVV),0.00588962,38.104,0.22441797
19/01/2023,ASX,BUY,AAA,Betashares Australian High Interest Cash ETF (AAA),0.01198241,50.16,0.60103785
19/01/2023,ASX,BUY,STW,SPDR S&P/ASX 200 ETF (STW),0.16149696,66.99,10.81868126
19/01/2023,ASX,BUY,IAA,iShares Asia 50 ETF (IAA),0.05148744,91.4423,4.70812981
19/01/2023,ASX,BUY,IEU,iShares Europe ETF (IEU),0.0199671,71.24,1.42245624
19/01/2023,ASX,BUY,IAF,iShares Core Composite Bond ETF (IAF),0.00590585,101.77,0.60103785
19/01/2023,ASX,BUY,RCB,Russell Investments Australian Select Corporate Bond ETF (RCB),0.04088797,19.5995,0.8013838
19/01/2023,ASX,BUY,IVV,iShares S&P 500 ETF (IVV),0.02857549,37.86,1.08186813
20/01/2023,ASX,BUY,STW,SPDR S&P/ASX 200 ETF (STW),0.00099875,67.15,0.06706591
02/02/2023,ASX,BUY,AAA,Betashares Australian High Interest Cash ETF (AAA),0.04141374,50.08,2.074
02/02/2023,ASX,BUY,STW,SPDR S&P/ASX 200 ETF (STW),0.12295034,68.06,8.368
02/02/2023,ASX,BUY,IEU,iShares Europe ETF (IEU),0.04310382,70.5274,3.04
02/02/2023,ASX,BUY,IAF,iShares Core Composite Bond ETF (IAF),0.0160915,101.42,1.632
02/02/2023,ASX,BUY,RCB,Russell Investments Australian Select Corporate Bond ETF (RCB),0.11484347,19.6093,2.252
02/02/2023,ASX,BUY,IVV,iShares S&P 500 ETF (IVV),0.06823834,38.6,2.634
16/02/2023,ASX,BUY,AAA,Betashares Australian High Interest Cash ETF (AAA),0.00231329,50.145,0.116
16/02/2023,ASX,BUY,STW,SPDR S&P/ASX 200 ETF (STW),0.17671499,66.91,11.824
16/02/2023,ASX,BUY,IAA,iShares Asia 50 ETF (IAA),0.07664138,91.1779,6.988
16/02/2023,ASX,BUY,IAF,iShares Core Composite Bond ETF (IAF),0.0052579,100.04,0.526
16/02/2023,ASX,BUY,RCB,Russell Investments Australian Select Corporate Bond ETF (RCB),0.02805755,19.46,0.546
17/02/2023,ASX,BUY,STW,SPDR S&P/ASX 200 ETF (STW),0.00114962,66.55,0.07650732
02/03/2023,ASX,BUY,AAA,Betashares Australian High Interest Cash ETF (AAA),0.00599042,50.08,0.3
02/03/2023,ASX,BUY,STW,SPDR S&P/ASX 200 ETF (STW),0.16463988,65.95,10.858
02/03/2023,ASX,BUY,IAA,iShares Asia 50 ETF (IAA),0.09336934,89.1299,8.322
02/03/2023,ASX,BUY,IAF,iShares Core Composite Bond ETF (IAF),0.00272027,99.99,0.272
02/03/2023,ASX,BUY,RCB,Russell Investments Australian Select Corporate Bond ETF (RCB),0.00932764,19.5119,0.182
02/03/2023,ASX,BUY,IVV,iShares S&P 500 ETF (IVV),0.00168887,39.0795,0.066
08/03/2023,ASX,BUY,AAA,Betashares Australian High Interest Cash ETF (AAA),0.00748473,50.102,0.375
08/03/2023,ASX,BUY,STW,SPDR S&P/ASX 200 ETF (STW),0.10135135,66.6,6.75
08/03/2023,ASX,BUY,IAA,iShares Asia 50 ETF (IAA),0.03246739,90.4754,2.9375
08/03/2023,ASX,BUY,IEU,iShares Europe ETF (IEU),0.01202899,73.7801,0.8875
08/03/2023,ASX,BUY,IAF,iShares Core Composite Bond ETF (IAF),0.00372471,100.6789,0.375
08/03/2023,ASX,BUY,RCB,Russell Investments Australian Select Corporate Bond ETF (RCB),0.0255102,19.6,0.5
08/03/2023,ASX,BUY,IVV,iShares S&P 500 ETF (IVV),0.01668727,40.45,0.675
16/03/2023,ASX,BUY,STW,SPDR S&P/ASX 200 ETF (STW),0.23587894,63.77,15.042
16/03/2023,ASX,BUY,IAA,iShares Asia 50 ETF (IAA),0.05563514,86.2764,4.8
16/03/2023,ASX,BUY,IEU,iShares Europe ETF (IEU),0.00222849,70.9,0.158
17/03/2023,ASX,BUY,STW,SPDR S&P/ASX 200 ETF (STW),0.00119799,63.93,0.0765872
30/03/2023,ASX,BUY,AAA,Betashares Australian High Interest Cash ETF (AAA),0.01899642,50.22,0.954
30/03/2023,ASX,BUY,STW,SPDR S&P/ASX 200 ETF (STW),0.26273051,64.53,16.954
30/03/2023,ASX,BUY,IEU,iShares Europe ETF (IEU),0.00458554,73.71,0.338
30/03/2023,ASX,BUY,IAF,iShares Core Composite Bond ETF (IAF),0.00288218,102.7,0.296
30/03/2023,ASX,BUY,RCB,Russell Investments Australian Select Corporate Bond ETF (RCB),0.04772036,19.74,0.942
30/03/2023,ASX,BUY,IVV,iShares S&P 500 ETF (IVV),0.01279762,40.32,0.516
13/04/2023,ASX,BUY,AAA,Betashares Australian High Interest Cash ETF (AAA),0.02473322,50.135,1.24
13/04/2023,ASX,BUY,STW,SPDR S&P/ASX 200 ETF (STW),0.0611463,66.3,4.054
13/04/2023,ASX,BUY,IAA,iShares Asia 50 ETF (IAA),0.12120331,89.42,10.838
13/04/2023,ASX,BUY,IAF,iShares Core Composite Bond ETF (IAF),0.00977034,102.76,1.004
13/04/2023,ASX,BUY,RCB,Russell Investments Australian Select Corporate Bond ETF (RCB),0.08085323,19.69,1.592
13/04/2023,ASX,BUY,IVV,iShares S&P 500 ETF (IVV),0.03129921,40.64,1.272
17/04/2023,ASX,BUY,AAA,Betashares Australian High Interest Cash ETF (AAA),0.00347137,50.155,0.1741067
17/04/2023,ASX,BUY,STW,SPDR S&P/ASX 200 ETF (STW),0.04689392,66.83,3.13392058
17/04/2023,ASX,BUY,IAA,iShares Asia 50 ETF (IAA),0.01506169,90.55,1.36383581
17/04/2023,ASX,BUY,IEU,iShares Europe ETF (IEU),0.00533678,77.21,0.41205252
17/04/2023,ASX,BUY,IAF,iShares Core Composite Bond ETF (IAF),0.00169938,102.4532,0.1741067
17/04/2023,ASX,BUY,RCB,Russell Investments Australian Select Corporate Bond ETF (RCB),0.01179585,19.68,0.23214227
17/04/2023,ASX,BUY,IVV,iShares S&P 500 ETF (IVV),0.00760291,41.22,0.31339206
18/04/2023,ASX,BUY,STW,SPDR S&P/ASX 200 ETF (STW),0.00299422,66.61,0.19944517
20/04/2023,ASX,BUY,STW,SPDR S&P/ASX 200 ETF (STW),0.00343259,66.67,0.22885062
21/04/2023,ASX,BUY,STW,SPDR S&P/ASX 200 ETF (STW),0.00312361,66.4,0.20740762
27/04/2023,ASX,BUY,AAA,Betashares Australian High Interest Cash ETF (AAA),0.00625373,50.21,0.314
27/04/2023,ASX,BUY,STW,SPDR S&P/ASX 200 ETF (STW),0.15442458,65.9351,10.182
27/04/2023,ASX,BUY,IAA,iShares Asia 50 ETF (IAA),0.09568493,87.6,8.382
27/04/2023,ASX,BUY,IAF,iShares Core Composite Bond ETF (IAF),0.0042636,102.73,0.438
27/04/2023,ASX,BUY,RCB,Russell Investments Australian Select Corporate Bond ETF (RCB),0.02378543,19.76,0.47
27/04/2023,ASX,BUY,IVV,iShares S&P 500 ETF (IVV),0.0052157,41.03,0.214
11/05/2023,ASX,BUY,AAA,Betashares Australian High Interest Cash ETF (AAA),0.01196649,50.14,0.6
11/05/2023,ASX,BUY,STW,SPDR S&P/ASX 200 ETF (STW),0.16452304,65.6443,10.8
11/05/2023,ASX,BUY,IAA,iShares Asia 50 ETF (IAA),0.05465752,85.99,4.7
11/05/2023,ASX,BUY,IEU,iShares Europe ETF (IEU),0.01856452,76.49,1.42
11/05/2023,ASX,BUY,IAF,iShares Core Composite Bond ETF (IAF),0.00585425,102.4896,0.6
11/05/2023,ASX,BUY,RCB,Russell Investments Australian Select Corporate Bond ETF (RCB),0.04046535,19.77,0.8
11/05/2023,ASX,BUY,IVV,iShares S&P 500 ETF (IVV),0.02647708,40.79,1.08
17/05/2023,ASX,BUY,STW,SPDR S&P/ASX 200 ETF (STW),0.00141506,65.44,0.09260145
25/05/2023,ASX,BUY,AAA,Betashares Australian High Interest Cash ETF (AAA),0.01099273,50.215,0.552
25/05/2023,ASX,BUY,STW,SPDR S&P/ASX 200 ETF (STW),0.24612546,65.04,16.008
25/05/2023,ASX,BUY,IEU,iShares Europe ETF (IEU),0.01951854,76.85,1.5
25/05/2023,ASX,BUY,IAF,iShares Core Composite Bond ETF (IAF),0.00993076,101.1,1.004
25/05/2023,ASX,BUY,RCB,Russell Investments Australian Select Corporate Bond ETF (RCB),0.04770205,19.6218,0.936
08/06/2023,ASX,BUY,AAA,Betashares Australian High Interest Cash ETF (AAA),0.01197246,50.115,0.6
08/06/2023,ASX,BUY,STW,SPDR S&P/ASX 200 ETF (STW),0.16720855,64.59,10.8
08/06/2023,ASX,BUY,IAA,iShares Asia 50 ETF (IAA),0.05216698,90.0953,4.7
08/06/2023,ASX,BUY,IEU,iShares Europe ETF (IEU),0.01890359,75.118,1.42
08/06/2023,ASX,BUY,IAF,iShares Core Composite Bond ETF (IAF),0.00601805,99.7,0.6
08/06/2023,ASX,BUY,RCB,Russell Investments Australian Select Corporate Bond ETF (RCB),0.04112011,19.4552,0.8
08/06/2023,ASX,BUY,IVV,iShares S&P 500 ETF (IVV),0.02524544,42.78,1.08
20/06/2023,ASX,BUY,STW,SPDR S&P/ASX 200 ETF (STW),0.001784,66.61,0.11883235
22/06/2023,ASX,BUY,AAA,Betashares Australian High Interest Cash ETF (AAA),0.01195457,50.19,0.6
22/06/2023,ASX,BUY,STW,SPDR S&P/ASX 200 ETF (STW),0.16455889,65.63,10.8
22/06/2023,ASX,BUY,IAA,iShares Asia 50 ETF (IAA),0.05243786,89.6299,4.7
22/06/2023,ASX,BUY,IEU,iShares Europe ETF (IEU),0.01894344,74.96,1.42
22/06/2023,ASX,BUY,IAF,iShares Core Composite Bond ETF (IAF),0.00601211,99.7986,0.6
22/06/2023,ASX,BUY,RCB,Russell Investments Australian Select Corporate Bond ETF (RCB),0.04111081,19.4596,0.8
22/06/2023,ASX,BUY,IVV,iShares S&P 500 ETF (IVV),0.02517483,42.9,1.08
06/07/2023,ASX,BUY,AAA,Betashares Australian High Interest Cash ETF (AAA),0.00914172,50.1,0.458
06/07/2023,ASX,BUY,STW,SPDR S&P/ASX 200 ETF (STW),0.17987946,64.71,11.64
06/07/2023,ASX,BUY,IAA,iShares Asia 50 ETF (IAA),0.02987478,89.44,2.672
06/07/2023,ASX,BUY,IEU,iShares Europe ETF (IEU),0.04243426,74.2796,3.152
06/07/2023,ASX,BUY,IAF,iShares Core Composite Bond ETF (IAF),0.01169081,98.71,1.154
06/07/2023,ASX,BUY,RCB,Russell Investments Australian Select Corporate Bond ETF (RCB),0.04753649,19.4377,0.924
13/07/2023,ASX,BUY,AAA,Betashares Australian High Interest Cash ETF (AAA),0.00394487,50.15,0.19783533
13/07/2023,ASX,BUY,STW,SPDR S&P/ASX 200 ETF (STW),0.05462809,65.1869,3.561036
13/07/2023,ASX,BUY,IAA,iShares Asia 50 ETF (IAA),0.01712773,90.4796,1.54971011
13/07/2023,ASX,BUY,IEU,iShares Europe ETF (IEU),0.00624614,74.96,0.46821029
13/07/2023,ASX,BUY,IAF,iShares Core Composite Bond ETF (IAF),0.00199672,99.08,0.19783533
13/07/2023,ASX,BUY,RCB,Russell Investments Australian Select Corporate Bond ETF (RCB),0.01351334,19.52,0.26378044
13/07/2023,ASX,BUY,IVV,iShares S&P 500 ETF (IVV),0.00810801,43.92,0.3561036
14/07/2023,ASX,BUY,AAA,Betashares Australian High Interest Cash ETF (AAA),0.00251356,50.15,0.12605497
14/07/2023,ASX,BUY,STW,SPDR S&P/ASX 200 ETF (STW),0.03449177,65.7835,2.26898958
14/07/2023,ASX,BUY,IAA,iShares Asia 50 ETF (IAA),0.01092543,90.3791,0.98743066
14/07/2023,ASX,BUY,IEU,iShares Europe ETF (IEU),0.00398411,74.88,0.29833011
14/07/2023,ASX,BUY,IAF,iShares Core Composite Bond ETF (IAF),0.00126587,99.5798,0.12605498
14/07/2023,ASX,BUY,RCB,Russell Investments Australian Select Corporate Bond ETF (RCB),0.00858397,19.5799,0.1680733
14/07/2023,ASX,BUY,IVV,iShares S&P 500 ETF (IVV),0.00520888,43.56,0.22689896
17/07/2023,ASX,BUY,AAA,Betashares Australian High Interest Cash ETF (AAA),0.0002734,50.16,0.01371386
17/07/2023,ASX,BUY,STW,SPDR S&P/ASX 200 ETF (STW),0.00374639,65.89,0.24684949
17/07/2023,ASX,BUY,IAA,iShares Asia 50 ETF (IAA),0.00118689,90.51,0.10742524
17/07/2023,ASX,BUY,IEU,iShares Europe ETF (IEU),0.00043074,75.35,0.03245613
17/07/2023,ASX,BUY,IAF,iShares Core Composite Bond ETF (IAF),0.00013788,99.46,0.01371386
17/07/2023,ASX,BUY,RCB,Russell Investments Australian Select Corporate Bond ETF (RCB),0.0009353,19.55,0.01828515
17/07/2023,ASX,BUY,IVV,iShares S&P 500 ETF (IVV),0.00056166,43.95,0.02468495
20/07/2023,ASX,BUY,AAA,Betashares Australian High Interest Cash ETF (AAA),0.02433122,50.19,1.22118384
20/07/2023,ASX,BUY,STW,SPDR S&P/ASX 200 ETF (STW),0.09893573,66.21,6.55053471
20/07/2023,ASX,BUY,IAA,iShares Asia 50 ETF (IAA),0.09380062,89.7384,8.41751758
20/07/2023,ASX,BUY,IEU,iShares Europe ETF (IEU),0.01934355,75.82,1.4666277
20/07/2023,ASX,BUY,IAF,iShares Core Composite Bond ETF (IAF),0.01059824,99.6593,1.05621337
20/07/2023,ASX,BUY,RCB,Russell Investments Australian Select Corporate Bond ETF (RCB),0.07185859,19.57,1.40627265
03/08/2023,ASX,BUY,AAA,Betashares Australian High Interest Cash ETF (AAA),0.01453384,50.09,0.728
03/08/2023,ASX,BUY,STW,SPDR S&P/ASX 200 ETF (STW),0.25828537,66.02,17.052
03/08/2023,ASX,BUY,IEU,iShares Europe ETF (IEU),0.01082976,77.01,0.834
03/08/2023,ASX,BUY,IAF,iShares Core Composite Bond ETF (IAF),0.00649394,99.7854,0.648
03/08/2023,ASX,BUY,RCB,Russell Investments Australian Select Corporate Bond ETF (RCB),0.03748095,19.69,0.738
16/08/2023,ASX,BUY,AAA,Betashares Australian High Interest Cash ETF (AAA),0.02990729,50.155,1.5
16/08/2023,ASX,BUY,STW,SPDR S&P/ASX 200 ETF (STW),0.41430106,65.17,27.0
16/08/2023,ASX,BUY,IAA,iShares Asia 50 ETF (IAA),0.13136271,89.447,11.75
16/08/2023,ASX,BUY,IEU,iShares Europe ETF (IEU),0.04617586,76.88,3.55
16/08/2023,ASX,BUY,IAF,iShares Core Composite Bond ETF (IAF),0.01512249,99.19,1.5
16/08/2023,ASX,BUY,RCB,Russell Investments Australian Select Corporate Bond ETF (RCB),0.1017294,19.66,2.0
16/08/2023,ASX,BUY,IVV,iShares S&P 500 ETF (IVV),0.05874674,45.96,2.7
17/08/2023,ASX,BUY,STW,SPDR S&P/ASX 200 ETF (STW),0.00206201,64.47,0.1329378
18/09/2023,ASX,BUY,AAA,Betashares Australian High Interest Cash ETF (AAA),0.02850309,50.17,1.43
18/09/2023,ASX,BUY,STW,SPDR S&P/ASX 200 ETF (STW),0.37518934,66.02,24.77
18/09/2023,ASX,BUY,IAA,iShares Asia 50 ETF (IAA),0.19179762,89.73,17.21
18/09/2023,ASX,BUY,IEU,iShares Europe ETF (IEU),0.04568555,76.7201,3.505
18/09/2023,ASX,BUY,IAF,iShares Core Composite Bond ETF (IAF),0.01485645,99.62,1.48
18/09/2023,ASX,BUY,RCB,Russell Investments Australian Select Corporate Bond ETF (RCB),0.08123456,19.7576,1.605
19/09/2023,ASX,BUY,STW,SPDR S&P/ASX 200 ETF (STW),0.00213232,65.67,0.14002914
16/10/2023,ASX,BUY,STW,SPDR S&P/ASX 200 ETF (STW),0.17079165,63.26,10.80427994
17/10/2023,ASX,BUY,AAA,Betashares Australian High Interest Cash ETF (AAA),0.03011541,50.175,1.51104085
17/10/2023,ASX,BUY,STW,SPDR S&P/ASX 200 ETF (STW),0.42785489,63.57,27.19873525
17/10/2023,ASX,BUY,IAA,iShares Asia 50 ETF (IAA),0.13382122,88.45,11.83648664
17/10/2023,ASX,BUY,IEU,iShares Europe ETF (IEU),0.04758656,75.15,3.57613
17/10/2023,ASX,BUY,IAF,iShares Core Composite Bond ETF (IAF),0.01540621,98.08,1.51104084
17/10/2023,ASX,BUY,RCB,Russell Investments Australian Select Corporate Bond ETF (RCB),0.10216639,19.72,2.01472113
17/10/2023,ASX,BUY,IVV,iShares S&P 500 ETF (IVV),0.05942481,45.77,2.71987352
18/10/2023,ASX,BUY,STW,SPDR S&P/ASX 200 ETF (STW),0.00213409,63.69,0.13592047
20/10/2023,ASX,BUY,STW,SPDR S&P/ASX 200 ETF (STW),0.00370019,62.02,0.2294857
16/11/2023,ASX,BUY,AAA,Betashares Australian High Interest Cash ETF (AAA),0.02511962,50.16,1.26
16/11/2023,ASX,BUY,STW,SPDR S&P/ASX 200 ETF (STW),0.51178399,64.07,32.79
16/11/2023,ASX,BUY,IAA,iShares Asia 50 ETF (IAA),0.06169288,90.2049,5.565
16/11/2023,ASX,BUY,IEU,iShares Europe ETF (IEU),0.05440074,76.01,4.135
16/11/2023,ASX,BUY,IAF,iShares Core Composite Bond ETF (IAF),0.01984733,98.25,1.95
16/11/2023,ASX,BUY,RCB,Russell Investments Australian Select Corporate Bond ETF (RCB),0.09636892,19.7159,1.9
16/11/2023,ASX,BUY,IVV,iShares S&P 500 ETF (IVV),0.05186946,46.27,2.4
17/11/2023,ASX,BUY,STW,SPDR S&P/ASX 200 ETF (STW),0.00244305,63.71,0.15564686
18/12/2023,ASX,BUY,AAA,Betashares Australian High Interest Cash ETF (AAA),0.04493375,50.185,2.255
18/12/2023,ASX,BUY,STW,SPDR S&P/ASX 200 ETF (STW),0.02069993,67.15,1.39
18/12/2023,ASX,BUY,IAA,iShares Asia 50 ETF (IAA),0.44253548,85.27,37.735
18/12/2023,ASX,BUY,IEU,iShares Europe ETF (IEU),0.0380848,77.59,2.955
18/12/2023,ASX,BUY,IAF,iShares Core Composite Bond ETF (IAF),0.0096592,100.94,0.975
18/12/2023,ASX,BUY,RCB,Russell Investments Australian Select Corporate Bond ETF (RCB),0.10975,20.0,2.195
18/12/2023,ASX,BUY,IVV,iShares S&P 500 ETF (IVV),0.05296115,47.11,2.495
19/12/2023,ASX,BUY,STW,SPDR S&P/ASX 200 ETF (STW),0.00223683,67.58,0.15116485
12/01/2024,ASX,BUY,IAA,iShares Asia 50 ETF (IAA),0.08055276,82.12,6.61499226
12/01/2024,ASX,BUY,RCB,Russell Investments Australian Select Corporate Bond ETF (RCB),0.00668683,19.88,0.13293415
15/01/2024,ASX,BUY,AAA,Betashares Australian High Interest Cash ETF (AAA),0.00044754,50.18,0.02245736
15/01/2024,ASX,BUY,IAA,iShares Asia 50 ETF (IAA),0.06073716,81.8,4.96829961
15/01/2024,ASX,BUY,IAF,iShares Core Composite Bond ETF (IAF),0.00079822,100.7595,0.08042869
15/01/2024,ASX,BUY,RCB,Russell Investments Australian Select Corporate Bond ETF (RCB),0.00761471,19.89,0.15145663
16/01/2024,ASX,BUY,AAA,Betashares Australian High Interest Cash ETF (AAA),0.03039785,50.19,1.52566813
16/01/2024,ASX,BUY,STW,SPDR S&P/ASX 200 ETF (STW),0.41234274,66.6,27.46202638
16/01/2024,ASX,BUY,IAA,iShares Asia 50 ETF (IAA),0.14585767,81.9365,11.95106704
16/01/2024,ASX,BUY,IEU,iShares Europe ETF (IEU),0.04646439,77.71,3.61074792
16/01/2024,ASX,BUY,IAF,iShares Core Composite Bond ETF (IAF),0.01518682,100.46,1.52566813
16/01/2024,ASX,BUY,RCB,Russell Investments Australian Select Corporate Bond ETF (RCB),0.10242821,19.86,2.03422418
16/01/2024,ASX,BUY,IVV,iShares S&P 500 ETF (IVV),0.057332,47.9,2.74620264
17/01/2024,ASX,BUY,AAA,Betashares Australian High Interest Cash ETF (AAA),0.00041947,50.195,0.02105507
17/01/2024,ASX,BUY,STW,SPDR S&P/ASX 200 ETF (STW),0.00570255,66.46,0.37899121
17/01/2024,ASX,BUY,IAA,iShares Asia 50 ETF (IAA),0.00204319,80.7224,0.16493136
17/01/2024,ASX,BUY,IEU,iShares Europe ETF (IEU),0.00064214,77.6001,0.04983032
17/01/2024,ASX,BUY,IAF,iShares Core Composite Bond ETF (IAF),0.00021005,100.2406,0.02105507
17/01/2024,ASX,BUY,RCB,Russell Investments Australian Select Corporate Bond ETF (RCB),0.00141448,19.8471,0.02807342
17/01/2024,ASX,BUY,IVV,iShares S&P 500 ETF (IVV),0.00078692,48.1615,0.03789912
18/01/2024,ASX,BUY,AAA,Betashares Australian High Interest Cash ETF (AAA),0.60468398,50.195,30.35211262
18/01/2024,ASX,BUY,STW,SPDR S&P/ASX 200 ETF (STW),0.00060761,66.1,0.04016307
18/01/2024,ASX,SELL,STW,SPDR S&P/ASX 200 ETF (STW),6.80491926,66.09,449.737114
18/01/2024,ASX,SELL,IAA,iShares Asia 50 ETF (IAA),4.51039807,80.0502,361.05826794
18/01/2024,ASX,BUY,IEU,iShares Europe ETF (IEU),0.55952734,77.55,43.39134522
18/01/2024,ASX,SELL,IAF,iShares Core Composite Bond ETF (IAF),0.47210343,99.9581,47.19056157
18/01/2024,ASX,SELL,RCB,Russell Investments Australian Select Corporate Bond ETF (RCB),3.18866721,19.7978,63.12859564
18/01/2024,ASX,BUY,IVV,iShares S&P 500 ETF (IVV),0.00016686,48.14,0.00803261
18/01/2024,ASX,SELL,IVV,iShares S&P 500 ETF (IVV),0.20120067,48.12,9.681776
18/01/2024,ASX,BUY,ETHI,Betashares Global Sustainability Leaders ETF (ETHI),5.78870673,13.46,77.91599261
18/01/2024,ASX,BUY,NDQ,Betashares Nasdaq 100 ETF (NDQ),4.02663507,38.7003,155.83198523
18/01/2024,ASX,BUY,IOO,iShares Global 100 ETF (IOO),1.28556001,121.2172,155.83198523
18/01/2024,"",BUY,RPF,Raiz Property Fund,225.15025788,1.0386,233.84105784
18/01/2024,ASX,BUY,HACK,Betashares Global Cybersecurity ETF (HACK),20.50420858,11.4,233.74797784
19/01/2024,ASX,BUY,AAA,Betashares Australian High Interest Cash ETF (AAA),0.00029877,50.205,0.01499985
19/01/2024,ASX,BUY,STW,SPDR S&P/ASX 200 ETF (STW),0.00112527,66.65,0.07499927
19/01/2024,ASX,BUY,IEU,iShares Europe ETF (IEU),0.00038565,77.7893,0.02999971
19/01/2024,ASX,BUY,IVV,iShares S&P 500 ETF (IVV),0.00031017,48.36,0.01499986
19/01/2024,ASX,BUY,ETHI,Betashares Global Sustainability Leaders ETF (ETHI),0.00110946,13.52,0.01499985
19/01/2024,ASX,BUY,NDQ,Betashares Nasdaq 100 ETF (NDQ),0.00076569,39.18,0.02999971
19/01/2024,ASX,BUY,IOO,iShares Global 100 ETF (IOO),0.00024564,122.13,0.02999971
19/01/2024,"",BUY,RPF,Raiz Property Fund,0.04333131,1.0385,0.04499956
19/01/2024,ASX,BUY,HACK,Betashares Global Cybersecurity ETF (HACK),0.00391301,11.5,0.04499956
16/02/2024,ASX,BUY,AAA,Betashares Australian High Interest Cash ETF (AAA),0.12805182,50.175,6.425
16/02/2024,ASX,BUY,STW,SPDR S&P/ASX 200 ETF (STW),0.19679534,68.65,13.51
16/02/2024,ASX,BUY,IEU,iShares Europe ETF (IEU),0.07094364,80.9093,5.74
16/02/2024,ASX,BUY,IVV,iShares S&P 500 ETF (IVV),0.02233877,51.48,1.15
16/02/2024,ASX,BUY,ETHI,Betashares Global Sustainability Leaders ETF (ETHI),0.01133242,14.56,0.165
16/02/2024,ASX,BUY,NDQ,Betashares Nasdaq 100 ETF (NDQ),0.03161058,41.6,1.315
16/02/2024,ASX,BUY,IOO,iShares Global 100 ETF (IOO),0.01852281,129.57,2.4
16/02/2024,"",BUY,RPF,Raiz Property Fund,17.53377407,1.0437,18.3
16/02/2024,ASX,BUY,HACK,Betashares Global Cybersecurity ETF (HACK),0.08089431,12.3,0.995
19/02/2024,ASX,BUY,AAA,Betashares Australian High Interest Cash ETF (AAA),0.00030893,50.195,0.01550672
19/02/2024,ASX,BUY,STW,SPDR S&P/ASX 200 ETF (STW),0.00112531,68.9,0.07753362
19/02/2024,ASX,BUY,IEU,iShares Europe ETF (IEU),0.00038371,80.8254,0.03101345
19/02/2024,ASX,BUY,IVV,iShares S&P 500 ETF (IVV),0.00030382,51.0389,0.01550673
19/02/2024,ASX,BUY,ETHI,Betashares Global Sustainability Leaders ETF (ETHI),0.00107387,14.44,0.01550672
19/02/2024,ASX,BUY,NDQ,Betashares Nasdaq 100 ETF (NDQ),0.00075559,41.0452,0.03101345
19/02/2024,ASX,BUY,IOO,iShares Global 100 ETF (IOO),0.00024092,128.7266,0.03101344
19/02/2024,"",BUY,RPF,Raiz Property Fund,0.04456809,1.0438,0.04652017
19/02/2024,ASX,BUY,HACK,Betashares Global Cybersecurity ETF (HACK),0.00382882,12.15,0.04652017
18/03/2024,ASX,BUY,AAA,Betashares Australian High Interest Cash ETF (AAA),0.05380094,50.185,2.7
18/03/2024,ASX,BUY,STW,SPDR S&P/ASX 200 ETF (STW),0.13210798,69.64,9.2
18/03/2024,ASX,BUY,IVV,iShares S&P 500 ETF (IVV),0.03067485,52.16,1.6
18/03/2024,ASX,BUY,ETHI,Betashares Global Sustainability Leaders ETF (ETHI),0.09573748,14.78,1.415
18/03/2024,ASX,BUY,NDQ,Betashares Nasdaq 100 ETF (NDQ),0.16287237,41.29,6.725
18/03/2024,ASX,BUY,IOO,iShares Global 100 ETF (IOO),0.0119432,132.2929,1.57999999
18/03/2024,"",BUY,RPF,Raiz Property Fund,7.45718932,1.0453,7.795
18/03/2024,ASX,BUY,HACK,Betashares Global Cybersecurity ETF (HACK),1.61361608,11.7655,18.985
19/03/2024,ASX,BUY,AAA,Betashares Australian High Interest Cash ETF (AAA),0.00029726,50.195,0.01492097
19/03/2024,ASX,BUY,STW,SPDR S&P/ASX 200 ETF (STW),0.00106884,69.8,0.07460484
19/03/2024,ASX,BUY,IEU,iShares Europe ETF (IEU),0.00035692,83.6097,0.02984193
19/03/2024,ASX,BUY,IVV,iShares S&P 500 ETF (IVV),0.00028481,52.39,0.01492097
19/03/2024,ASX,BUY,ETHI,Betashares Global Sustainability Leaders ETF (ETHI),0.00100817,14.8,0.01492097
19/03/2024,ASX,BUY,NDQ,Betashares Nasdaq 100 ETF (NDQ),0.00071943,41.48,0.02984193
19/03/2024,ASX,BUY,IOO,iShares Global 100 ETF (IOO),0.00022493,132.67,0.02984193
19/03/2024,"",BUY,RPF,Raiz Property Fund,0.04281073,1.0456,0.0447629
19/03/2024,ASX,BUY,HACK,Betashares Global Cybersecurity ETF (HACK),0.0038161,11.73,0.0447629
12/04/2024,ASX,BUY,STW,SPDR S&P/ASX 200 ETF (STW),0.00333023,70.18,0.23371553
15/04/2024,ASX,BUY,AAA,Betashares Australian High Interest Cash ETF (AAA),0.0042926,50.19,0.2154454
15/04/2024,ASX,BUY,STW,SPDR S&P/ASX 200 ETF (STW),0.01542457,69.8384,1.07722699
15/04/2024,ASX,BUY,IEU,iShares Europe ETF (IEU),0.00517666,83.2373,0.43089079
15/04/2024,ASX,BUY,IVV,iShares S&P 500 ETF (IVV),0.00408118,52.79,0.2154454
15/04/2024,ASX,BUY,ETHI,Betashares Global Sustainability Leaders ETF (ETHI),0.01468612,14.67,0.2154454
15/04/2024,ASX,BUY,NDQ,Betashares Nasdaq 100 ETF (NDQ),0.01019377,42.27,0.4308908
15/04/2024,ASX,BUY,IOO,iShares Global 100 ETF (IOO),0.00317752,135.6059,0.4308908
15/04/2024,"",BUY,RPF,Raiz Property Fund,0.61749899,1.0467,0.64633619
15/04/2024,ASX,BUY,HACK,Betashares Global Cybersecurity ETF (HACK),0.05543192,11.66,0.6463362
16/04/2024,ASX,BUY,AAA,Betashares Australian High Interest Cash ETF (AAA),0.04243451,50.195,2.13
16/04/2024,ASX,BUY,STW,SPDR S&P/ASX 200 ETF (STW),0.22124473,68.77,15.215
16/04/2024,ASX,BUY,IEU,iShares Europe ETF (IEU),0.06028582,83.27,5.02
16/04/2024,ASX,BUY,IVV,iShares S&P 500 ETF (IVV),0.02829649,52.48,1.485
16/04/2024,ASX,BUY,ETHI,Betashares Global Sustainability Leaders ETF (ETHI),0.23438572,14.57,3.415
16/04/2024,ASX,BUY,NDQ,Betashares Nasdaq 100 ETF (NDQ),0.04264214,41.86,1.785
16/04/2024,ASX,BUY,IOO,iShares Global 100 ETF (IOO),0.00726897,134.8197,0.98
16/04/2024,"",BUY,RPF,Raiz Property Fund,5.77889447,1.0547,6.095
16/04/2024,ASX,BUY,HACK,Betashares Global Cybersecurity ETF (HACK),1.21177981,11.4501,13.875
18/04/2024,ASX,BUY,AAA,Betashares Australian High Interest Cash ETF (AAA),0.00029558,50.205,0.01483941
18/04/2024,ASX,BUY,STW,SPDR S&P/ASX 200 ETF (STW),0.00107798,68.83,0.07419706
18/04/2024,ASX,BUY,IEU,iShares Europe ETF (IEU),0.00035753,83.01,0.02967882
18/04/2024,ASX,BUY,IVV,iShares S&P 500 ETF (IVV),0.00028515,52.04,0.01483941
18/04/2024,ASX,BUY,ETHI,Betashares Global Sustainability Leaders ETF (ETHI),0.0010298,14.41,0.01483941
18/04/2024,ASX,BUY,NDQ,Betashares Nasdaq 100 ETF (NDQ),0.00071792,41.34,0.02967883
18/04/2024,ASX,BUY,IOO,iShares Global 100 ETF (IOO),0.00022225,133.54,0.02967882
18/04/2024,"",BUY,RPF,Raiz Property Fund,0.04220538,1.0548,0.04451824
18/04/2024,ASX,BUY,HACK,Betashares Global Cybersecurity ETF (HACK),0.00393618,11.31,0.04451824
16/05/2024,ASX,BUY,AAA,Betashares Australian High Interest Cash ETF (AAA),0.08459546,50.18,4.245
16/05/2024,ASX,BUY,STW,SPDR S&P/ASX 200 ETF (STW),0.08856502,71.36,6.32
16/05/2024,ASX,BUY,IEU,iShares Europe ETF (IEU),0.01514279,86.84,1.315
16/05/2024,ASX,BUY,IVV,iShares S&P 500 ETF (IVV),0.06882274,53.0348,3.65
16/05/2024,ASX,BUY,ETHI,Betashares Global Sustainability Leaders ETF (ETHI),0.23217923,14.73,3.42
16/05/2024,ASX,BUY,NDQ,Betashares Nasdaq 100 ETF (NDQ),0.17317246,42.27,7.32
16/05/2024,ASX,BUY,IOO,iShares Global 100 ETF (IOO),0.03718618,137.82,5.125
16/05/2024,"",BUY,RPF,Raiz Property Fund,8.46211836,1.0612,8.98
16/05/2024,ASX,BUY,HACK,Betashares Global Cybersecurity ETF (HACK),0.82857709,11.6163,9.625
17/05/2024,ASX,BUY,AAA,Betashares Australian High Interest Cash ETF (AAA),0.00035393,50.185,0.01776183
17/05/2024,ASX,BUY,STW,SPDR S&P/ASX 200 ETF (STW),0.00125154,70.96,0.08880915
17/05/2024,ASX,BUY,IEU,iShares Europe ETF (IEU),0.0004112,86.3899,0.03552366
17/05/2024,ASX,BUY,IVV,iShares S&P 500 ETF (IVV),0.00033538,52.96,0.01776183
17/05/2024,ASX,BUY,ETHI,Betashares Global Sustainability Leaders ETF (ETHI),0.00120829,14.7,0.01776183
17/05/2024,ASX,BUY,NDQ,Betashares Nasdaq 100 ETF (NDQ),0.00084159,42.21,0.03552366
17/05/2024,ASX,BUY,IOO,iShares Global 100 ETF (IOO),0.00025836,137.4976,0.03552366
17/05/2024,"",BUY,RPF,Raiz Property Fund,0.04987877,1.0683,0.05328549
17/05/2024,ASX,BUY,HACK,Betashares Global Cybersecurity ETF (HACK),0.00461346,11.55,0.05328549
18/06/2024,ASX,BUY,AAA,Betashares Australian High Interest Cash ETF (AAA),0.05848186,50.1865,2.935
18/06/2024,ASX,BUY,STW,SPDR S&P/ASX 200 ETF (STW),0.27128643,70.35,19.085
18/06/2024,ASX,BUY,IEU,iShares Europe ETF (IEU),0.1031896,84.65,8.735
18/06/2024,ASX,BUY,ETHI,Betashares Global Sustainability Leaders ETF (ETHI),0.08582834,15.03,1.29
18/06/2024,"",BUY,RPF,Raiz Property Fund,6.53148944,1.0702,6.99
18/06/2024,ASX,BUY,HACK,Betashares Global Cybersecurity ETF (HACK),0.9559721,11.47,10.965
20/06/2024,ASX,BUY,AAA,Betashares Australian High Interest Cash ETF (AAA),0.00035054,50.2,0.01759733
20/06/2024,ASX,BUY,STW,SPDR S&P/ASX 200 ETF (STW),0.00125141,70.31,0.08798665
20/06/2024,ASX,BUY,IEU,iShares Europe ETF (IEU),0.00041798,84.2014,0.03519466
20/06/2024,ASX,BUY,IVV,iShares S&P 500 ETF (IVV),0.00032001,54.99,0.01759733
20/06/2024,ASX,BUY,ETHI,Betashares Global Sustainability Leaders ETF (ETHI),0.00117629,14.96,0.01759733
20/06/2024,ASX,BUY,NDQ,Betashares Nasdaq 100 ETF (NDQ),0.00077453,45.44,0.03519466
20/06/2024,ASX,BUY,IOO,iShares Global 100 ETF (IOO),0.00024091,146.0891,0.03519466
20/06/2024,"",BUY,RPF,Raiz Property Fund,0.04918203,1.0734,0.05279199
20/06/2024,ASX,BUY,HACK,Betashares Global Cybersecurity ETF (HACK),0.00466773,11.31,0.05279199
04/07/2024,ASX,BUY,AAA,Betashares Australian High Interest Cash ETF (AAA),0.00041493,50.135,0.02080249
04/07/2024,ASX,BUY,STW,SPDR S&P/ASX 200 ETF (STW),0.00147682,70.43,0.10401245
04/07/2024,ASX,BUY,IEU,iShares Europe ETF (IEU),0.00050406,82.54,0.04160498
04/07/2024,ASX,BUY,IVV,iShares S&P 500 ETF (IVV),0.00037892,54.9,0.02080249
04/07/2024,ASX,BUY,ETHI,Betashares Global Sustainability Leaders ETF (ETHI),0.00142874,14.56,0.02080249
04/07/2024,ASX,BUY,NDQ,Betashares Nasdaq 100 ETF (NDQ),0.00093159,44.66,0.04160498
04/07/2024,ASX,BUY,IOO,iShares Global 100 ETF (IOO),0.00028565,145.65,0.04160498
04/07/2024,"",BUY,RPF,Raiz Property Fund,0.05809129,1.0743,0.06240747
04/07/2024,ASX,BUY,HACK,Betashares Global Cybersecurity ETF (HACK),0.00537069,11.62,0.06240747
12/07/2024,ASX,BUY,AAA,Betashares Australian High Interest Cash ETF (AAA),0.00475254,50.19,0.23853011
12/07/2024,ASX,BUY,STW,SPDR S&P/ASX 200 ETF (STW),0.01663622,71.69,1.19265053
12/07/2024,ASX,BUY,IEU,iShares Europe ETF (IEU),0.0057365,83.1623,0.47706021
12/07/2024,ASX,BUY,IVV,iShares S&P 500 ETF (IVV),0.00432983,55.09,0.23853011
12/07/2024,ASX,BUY,ETHI,Betashares Global Sustainability Leaders ETF (ETHI),0.01630418,14.63,0.23853011
12/07/2024,ASX,BUY,NDQ,Betashares Nasdaq 100 ETF (NDQ),0.01072527,44.48,0.47706021
12/07/2024,ASX,BUY,IOO,iShares Global 100 ETF (IOO),0.00327336,145.74,0.4770602
12/07/2024,"",BUY,RPF,Raiz Property Fund,0.66616116,1.0742,0.71559032
12/07/2024,ASX,BUY,HACK,Betashares Global Cybersecurity ETF (HACK),0.06206334,11.53,0.71559032
15/07/2024,ASX,BUY,AAA,Betashares Australian High Interest Cash ETF (AAA),0.00367633,50.2,0.18455184
15/07/2024,ASX,BUY,STW,SPDR S&P/ASX 200 ETF (STW),0.01276292,72.3,0.92275922
15/07/2024,ASX,BUY,IEU,iShares Europe ETF (IEU),0.00441387,83.6236,0.36910369
15/07/2024,ASX,BUY,IVV,iShares S&P 500 ETF (IVV),0.00333608,55.32,0.18455184
15/07/2024,ASX,BUY,ETHI,Betashares Global Sustainability Leaders ETF (ETHI),0.01250351,14.76,0.18455184
15/07/2024,ASX,BUY,NDQ,Betashares Nasdaq 100 ETF (NDQ),0.00825735,44.7,0.36910369
15/07/2024,ASX,BUY,IOO,iShares Global 100 ETF (IOO),0.00252465,146.2,0.36910368
15/07/2024,"",BUY,RPF,Raiz Property Fund,0.51536399,1.0743,0.55365553
15/07/2024,ASX,BUY,HACK,Betashares Global Cybersecurity ETF (HACK),0.04756491,11.64,0.55365553
16/07/2024,ASX,BUY,AAA,Betashares Australian High Interest Cash ETF (AAA),0.08027888,50.2,4.03
16/07/2024,ASX,BUY,STW,SPDR S&P/ASX 200 ETF (STW),0.1187665,71.99,8.55
16/07/2024,ASX,BUY,IEU,iShares Europe ETF (IEU),0.15141861,83.18,12.595
16/07/2024,ASX,BUY,IVV,iShares S&P 500 ETF (IVV),0.03664451,55.67,2.04
16/07/2024,ASX,BUY,ETHI,Betashares Global Sustainability Leaders ETF (ETHI),0.33041133,14.83,4.9
16/07/2024,ASX,BUY,NDQ,Betashares Nasdaq 100 ETF (NDQ),0.03134727,44.98,1.41
16/07/2024,ASX,BUY,IOO,iShares Global 100 ETF (IOO),0.00560691,147.1399,0.825
16/07/2024,"",BUY,RPF,Raiz Property Fund,9.77755026,1.0744,10.505
16/07/2024,ASX,BUY,HACK,Betashares Global Cybersecurity ETF (HACK),0.43712829,11.77,5.145
17/07/2024,ASX,BUY,AAA,Betashares Australian High Interest Cash ETF (AAA),0.0085569,50.21,0.42964215
17/07/2024,ASX,BUY,STW,SPDR S&P/ASX 200 ETF (STW),0.0295856,72.61,2.14821074
17/07/2024,ASX,BUY,IEU,iShares Europe ETF (IEU),0.010297,83.45,0.8592843
17/07/2024,ASX,BUY,IVV,iShares S&P 500 ETF (IVV),0.00767629,55.97,0.42964215
17/07/2024,ASX,BUY,ETHI,Betashares Global Sustainability Leaders ETF (ETHI),0.02879639,14.92,0.42964215
17/07/2024,ASX,BUY,NDQ,Betashares Nasdaq 100 ETF (NDQ),0.01913773,44.9,0.8592843
17/07/2024,ASX,BUY,IOO,iShares Global 100 ETF (IOO),0.00586062,146.62,0.8592843
17/07/2024,"",BUY,RPF,Raiz Property Fund,1.19955928,1.0745,1.28892645
17/07/2024,ASX,BUY,HACK,Betashares Global Cybersecurity ETF (HACK),0.10923105,11.8,1.28892645
16/08/2024,ASX,BUY,AAA,Betashares Australian High Interest Cash ETF (AAA),0.05977286,50.19,3.0
16/08/2024,ASX,BUY,STW,SPDR S&P/ASX 200 ETF (STW),0.20897186,71.78,15.0
16/08/2024,ASX,BUY,IEU,iShares Europe ETF (IEU),0.07099205,84.5165,6.0
16/08/2024,ASX,BUY,IVV,iShares S&P 500 ETF (IVV),0.05368647,55.88,3.0
16/08/2024,ASX,BUY,ETHI,Betashares Global Sustainability Leaders ETF (ETHI),0.20134228,14.9,3.0
16/08/2024,ASX,BUY,NDQ,Betashares Nasdaq 100 ETF (NDQ),0.1369863,43.8,6.0
16/08/2024,ASX,BUY,IOO,iShares Global 100 ETF (IOO),0.04145078,144.75,6.0
16/08/2024,"",BUY,RPF,Raiz Property Fund,8.32639467,1.0809,9.0
16/08/2024,ASX,BUY,HACK,Betashares Global Cybersecurity ETF (HACK),0.7569386,11.89,9.0
19/08/2024,ASX,BUY,AAA,Betashares Australian High Interest Cash ETF (AAA),0.00040659,50.21,0.02041475
19/08/2024,ASX,BUY,STW,SPDR S&P/ASX 200 ETF (STW),0.00142184,71.79,0.10207376
19/08/2024,ASX,BUY,IEU,iShares Europe ETF (IEU),0.00048519,84.151,0.04082951
19/08/2024,ASX,BUY,IVV,iShares S&P 500 ETF (IVV),0.0003677,55.52,0.02041475
19/08/2024,ASX,BUY,ETHI,Betashares Global Sustainability Leaders ETF (ETHI),0.00137938,14.8,0.02041475
19/08/2024,ASX,BUY,NDQ,Betashares Nasdaq 100 ETF (NDQ),0.00093861,43.5,0.04082951
19/08/2024,ASX,BUY,IOO,iShares Global 100 ETF (IOO),0.00028334,144.1,0.04082951
19/08/2024,"",BUY,RPF,Raiz Property Fund,0.05666043,1.0809,0.06124426
19/08/2024,ASX,BUY,HACK,Betashares Global Cybersecurity ETF (HACK),0.0051858,11.81,0.06124426
17/09/2024,ASX,BUY,AAA,Betashares Australian High Interest Cash ETF (AAA),0.06334661,50.2,3.18
17/09/2024,ASX,BUY,STW,SPDR S&P/ASX 200 ETF (STW),0.02366288,74.04,1.752
17/09/2024,ASX,BUY,IEU,iShares Europe ETF (IEU),0.02612389,84.75,2.214
17/09/2024,ASX,BUY,IVV,iShares S&P 500 ETF (IVV),0.05399677,55.67,3.006
17/09/2024,ASX,BUY,ETHI,Betashares Global Sustainability Leaders ETF (ETHI),0.25132383,14.73,3.702
17/09/2024,ASX,BUY,NDQ,Betashares Nasdaq 100 ETF (NDQ),0.38081776,42.7291,16.272
17/09/2024,ASX,BUY,IOO,iShares Global 100 ETF (IOO),0.09238916,141.9647,13.11599999
17/09/2024,"",BUY,RPF,Raiz Property Fund,6.80898253,1.0821,7.368
17/09/2024,ASX,BUY,HACK,Betashares Global Cybersecurity ETF (HACK),0.79846939,11.76,9.39
18/09/2024,ASX,BUY,AAA,Betashares Australian High Interest Cash ETF (AAA),0.00038128,50.2,0.01914024
18/09/2024,ASX,BUY,STW,SPDR S&P/ASX 200 ETF (STW),0.00129151,74.1,0.09570119
18/09/2024,ASX,BUY,IEU,iShares Europe ETF (IEU),0.00045276,84.5496,0.03828047
18/09/2024,ASX,BUY,IVV,iShares S&P 500 ETF (IVV),0.00034369,55.69,0.01914024
18/09/2024,ASX,BUY,ETHI,Betashares Global Sustainability Leaders ETF (ETHI),0.00129852,14.74,0.01914024
18/09/2024,ASX,BUY,NDQ,Betashares Nasdaq 100 ETF (NDQ),0.00089503,42.77,0.03828048
18/09/2024,ASX,BUY,IOO,iShares Global 100 ETF (IOO),0.00027015,141.7,0.03828048
18/09/2024,"",BUY,RPF,Raiz Property Fund,0.05306415,1.0821,0.05742071
18/09/2024,ASX,BUY,HACK,Betashares Global Cybersecurity ETF (HACK),0.00492037,11.67,0.05742071
